{"Roll": 180.0094334083066, "Pitch": 180.0094334083066, "Yaw": 180.0094334083066}