{"Roll": -3.141428009555158, "Pitch": -3.141428009555158, "Yaw": -3.141428009555158}