{"TemperatureC": 24.984375, "PressureHPa": 1012.994873046875, "HumidityPercentage": 45.25, "TemperatureF": 76.97187500000001, "PressureMmHg": 759.7461547851562, "Humidity01": 0.4525}